<?xml version="1.0" encoding="UTF-8" standalone="yes"?>
<settings>
    <idleGroups>3.4</idleGroups>
    <idleGroups>3.5</idleGroups>
    <lineNames nameProduction="РАФ" nameLine="Альфа-Лаваль №1"/>
    <lineNames nameProduction="РАФ" nameLine="Альфа-Лаваль №2"/>
    <lineNames nameProduction="РАФ" nameLine="Альфа-Лаваль №3"/>
    <lineNames nameProduction="НГГ" nameLine="Гидрогенизация 1-я линия"/>
    <lineNames nameProduction="НГГ" nameLine="Гидрогенизация 2-я линия"/>
    <lineNames nameProduction="НГГ" nameLine="Отбелка №1"/>
    <lineNames nameProduction="НГГ" nameLine="Отбелка №2"/>
    <lineNames nameProduction="НГГ" nameLine="Отбелка №3"/>
    <lineNames nameProduction="ДЕЗ" nameLine="Д400"/>
    <lineNames nameProduction="ДЕЗ" nameLine="Д500"/>
    <lineNames nameProduction="ДЕЗ" nameLine="Юнисток"/>
    <lineNames nameProduction="ДЕЗ" nameLine="Отбелка №1 (Д400)"/>
    <lineNames nameProduction="ДЕЗ" nameLine="Отбелка №2 (Д400)"/>
    <lineNames nameProduction="ДЕЗ" nameLine="Отбелка №3 (Д400)"/>
    <lineNames nameProduction="ДЕЗ" nameLine="Отбелка А (Д500)"/>
    <lineNames nameProduction="ДЕЗ" nameLine="Отбелка В (Д500)"/>
    <lineNames nameProduction="ДЕЗ" nameLine="Отбелка С (Д500)"/>
    <lineNames nameProduction="ДЕЗ" nameLine="Отбелка D (Д500)"/>
    <lineNames nameProduction="МНЗ" nameLine="СКО"/>
    <lineNames nameProduction="МНЗ" nameLine="Вольпак-220"/>
    <lineNames nameProduction="МНЗ" nameLine="Твист-офф"/>
    <lineNames nameProduction="МНЗ" nameLine="Боссар-1400"/>
    <lineNames nameProduction="МНЗ" nameLine="Унипак"/>
    <lineNames nameProduction="МНЗ" nameLine="Терминал налива"/>
    <lineNames nameProduction="СМП" nameLine="Кемтек 1"/>
    <lineNames nameProduction="СМП" nameLine="Кемтек 2"/>
    <lineNames nameProduction="СМП" nameLine="Слойка НЖК"/>
    <lineNames nameProduction="СМП" nameLine="Джонсон"/>
    <lineNames nameProduction="СМП" nameLine="Унипак"/>
    <lineNames nameProduction="НМП" nameLine="ГБ Шредер"/>
    <lineNames nameProduction="НМП" nameLine="ГБ Шредер 2"/>
    <lineNames nameProduction="НМП" nameLine="ГБ Шредер 3"/>
    <lineNames nameProduction="НМП" nameLine="ГБ Шредер 4"/>
    <lineNames nameProduction="НМП" nameLine="Bag in Box"/>
    <lineNames nameProduction="МЫЛ" nameLine="ВСУ 1"/>
    <lineNames nameProduction="МЫЛ" nameLine="ВСУ 2"/>
    <lineNames nameProduction="МЫЛ" nameLine="НЖК"/>
    <path>H:\Производство\_Общая\Саратов\Бланки_ОПП\бланки мыло\2017\Март</path>
</settings>
